"lon","lat","type"
149.618287502456,-15.7239102026749,"cay"
149.995268680762,-16.1121926026917,"cay"
149.992388638639,-16.2133618943456,"cay"
149.964474599664,-16.2871815165574,"cay"
147.8732861221,-16.468593520272,"cay"
147.845443577451,-16.5037509851037,"cay"
150.286688702129,-16.5270722467771,"cay"
150.337098522201,-16.6040850068568,"cay"
150.003706520914,-16.9371332326635,"cay"
149.19893450091,-16.9428201667308,"cay"
149.907253136966,-16.9682153214812,"cay"
149.133965123047,-16.9844344452679,"cay"
151.89264458963,-17.1080187841995,"cay"
151.923730256022,-17.1115040171975,"cay"
151.876653815626,-17.1108330066501,"cay"
152.0038256183,-17.116372232494,"cay"
152.082253101898,-17.1173815090446,"cay"
152.052989597011,-17.1195450392569,"cay"
151.833040793985,-17.1253195211532,"cay"
151.765668914346,-17.174873609369,"cay"
151.745009359895,-17.2039281707788,"cay"
152.064650835978,-17.3217596997996,"cay"
151.528362656275,-17.3653193804683,"cay"
152.009284788461,-17.384986658459,"cay"
155.870197785583,-17.402251530209,"cay"
151.852102554925,-17.412416565695,"cay"
151.872189723636,-17.4153738755101,"cay"
150.807438411108,-17.428550844953,"cay"
151.819555190472,-17.4349557372632,"cay"
151.074176090641,-17.4409672087593,"cay"
151.795662672012,-17.4433130631899,"cay"
150.944031102889,-17.4548429192129,"cay"
151.756557544553,-17.4725508615617,"cay"
151.651150014979,-17.55231628832,"cay"
151.596226174771,-17.576580731092,"cay"
151.573844088411,-17.5812089127253,"cay"
151.502258828764,-17.5966019986838,"cay"
151.413830054041,-17.643963344663,"cay"
150.828131540906,-17.6587787586069,"cay"
148.447833526518,-17.7196068167509,"cay"
152.390979572824,-19.0954553103946,"cay"
152.347173110509,-19.2558503263438,"cay"
154.375304469752,-21.0215803104797,"cay"
155.789670359447,-21.2444299066087,"cay"
155.771138265259,-21.255391841806,"cay"
155.71029458801,-21.2739979914109,"cay"
153.766172073519,-21.6592865000132,"cay"
153.517195914487,-21.8511481306027,"cay"
155.459410748545,-22.1709545437347,"cay"
155.176224850504,-22.1886985349132,"cay"
155.350942398773,-22.1907961027261,"cay"
155.248369700891,-22.2130048762188,"cay"
155.539974124784,-23.2507992423785,"cay"
149.162016772756,-15.8859787044341,"cay"
149.165069445379,-15.8844435726563,"cay"
149.19456368311,-15.9702286810797,"cay"
146.636160281975,-13.9150827462906,"dryreef"
146.555449155091,-13.8934740239752,"dryreef"
146.559506554693,-13.8972501965246,"dryreef"
146.561563593533,-13.8992051556895,"dryreef"
147.114814258255,-15.4982061368822,"dryreef"
149.619758073579,-15.7248659918806,"dryreef"
150.008943948246,-16.1229280931341,"dryreef"
150.010544814496,-16.1762283482616,"dryreef"
149.993560682177,-16.2136614790024,"dryreef"
149.96707112507,-16.2942734623303,"dryreef"
147.865396626705,-16.3856145924217,"dryreef"
147.886068404499,-16.3938640919622,"dryreef"
147.893725437816,-16.4050291134473,"dryreef"
147.832943921991,-16.4076148247797,"dryreef"
148.036038915973,-16.4724001532416,"dryreef"
147.898631292513,-16.414709891359,"dryreef"
147.899227164289,-16.4278135911574,"dryreef"
147.856069296534,-16.4334163449331,"dryreef"
147.866409658044,-16.4787960390564,"dryreef"
147.824889260458,-16.5367203019847,"dryreef"
147.740619169118,-16.7552561640047,"dryreef"
149.90991996401,-16.9690559896792,"dryreef"
149.144993401692,-17.0010258502652,"dryreef"
151.961944365323,-17.1108291082926,"dryreef"
152.031431345604,-17.1157634527124,"dryreef"
151.792091121314,-17.1610972008323,"dryreef"
152.128515140095,-17.2171877863583,"dryreef"
152.095080626441,-17.2565160347464,"dryreef"
151.672978508941,-17.2716465931466,"dryreef"
152.085493822718,-17.2720224702396,"dryreef"
152.076494912704,-17.2930309877645,"dryreef"
151.646473988789,-17.2909917242533,"dryreef"
151.640105833409,-17.3011765300624,"dryreef"
152.062630790375,-17.3102325104399,"dryreef"
151.615845868268,-17.3153410470456,"dryreef"
148.461101835987,-17.3216942395318,"dryreef"
152.05121754817,-17.3165766191611,"dryreef"
155.861889479942,-17.3916860849106,"dryreef"
151.940849004617,-17.385984353522,"dryreef"
151.951394832972,-17.3865631591251,"dryreef"
151.931267252999,-17.3881149308983,"dryreef"
151.986344781276,-17.3893455960239,"dryreef"
148.191853167989,-17.4023347980583,"dryreef"
151.914509300787,-17.3976521636661,"dryreef"
151.832566478285,-17.4232658619524,"dryreef"
148.336300738394,-17.4329215231442,"dryreef"
151.82217649526,-17.4333661956751,"dryreef"
148.29559657332,-17.5130375472191,"dryreef"
148.308424395948,-17.5340918172551,"dryreef"
148.579105628472,-17.6306868501763,"dryreef"
151.622763212345,-17.5625490426529,"dryreef"
148.334355542103,-17.5780999177613,"dryreef"
151.521016882914,-17.5929895502262,"dryreef"
151.460217679449,-17.6175809590861,"dryreef"
151.35599998879,-17.6535167670771,"dryreef"
148.353101189297,-17.7066786204512,"dryreef"
148.516528560368,-17.7019544514473,"dryreef"
148.458375476196,-17.7177680283357,"dryreef"
148.395930625736,-17.7086053658184,"dryreef"
148.419312391756,-17.7858029671647,"dryreef"
148.41512364729,-17.8238721381582,"dryreef"
148.511994039572,-17.8658113890808,"dryreef"
152.281979389373,-18.9356580332963,"dryreef"
152.337127393828,-18.9733942261884,"dryreef"
152.378208134084,-19.0217040760835,"dryreef"
152.385325304814,-19.063534389199,"dryreef"
152.142283112488,-19.0607391568862,"dryreef"
152.169508811552,-19.2260709754426,"dryreef"
152.216858796951,-19.2865551059291,"dryreef"
154.399945082794,-20.9329666130479,"dryreef"
155.746079062891,-21.1172287341636,"dryreef"
155.774380900216,-21.1979054390168,"dryreef"
153.781826630973,-21.6961683855243,"dryreef"
153.778266148401,-21.7275253621271,"dryreef"
153.767963396668,-21.7582940603174,"dryreef"
153.746096763956,-21.7870312978109,"dryreef"
153.674284833598,-21.8687782283307,"dryreef"
153.545732280637,-21.8944394763811,"dryreef"
153.53655318139,-21.8997804220114,"dryreef"
153.585476637683,-21.9182962808861,"dryreef"
153.557377093297,-21.9186705775681,"dryreef"
155.181369386157,-22.179413426601,"dryreef"
155.163323577123,-22.1804969871943,"dryreef"
155.392617843809,-22.1971450556149,"dryreef"
155.410621134546,-22.199322047694,"dryreef"
155.297663103506,-22.2033405095697,"dryreef"
155.26640285686,-22.2053926410401,"dryreef"
155.54642288103,-23.2462721123389,"dryreef"
144.531436193242,-10.0711962089418,"dryreef"
144.570939747948,-10.1277518438205,"dryreef"
144.575318823239,-10.1505623812393,"dryreef"
144.587934089641,-10.1667774271658,"dryreef"
144.5998846749,-10.2011790469871,"dryreef"
144.597648330135,-10.2288038387816,"dryreef"
144.568235395828,-10.2516244089937,"dryreef"
144.535112359133,-10.2803931701421,"dryreef"
144.539644897339,-10.3129075385797,"dryreef"
144.48239077168,-10.4162947231997,"dryreef"
144.389714532642,-10.4006089715179,"dryreef"
144.387481884128,-10.3254501883816,"dryreef"
144.385563297287,-10.3441506371974,"dryreef"
144.403391305026,-10.2864370948371,"dryreef"
144.39931552078,-10.2978970234626,"dryreef"
144.396825890582,-10.304170637067,"dryreef"
144.404086996661,-10.2697294637509,"dryreef"
144.4120620516,-10.2472137618201,"dryreef"
144.412728174374,-10.2322492383796,"dryreef"
144.416499603613,-10.2230199809016,"dryreef"
144.41683117852,-10.2150229484319,"dryreef"
144.411178060494,-10.1915932837206,"dryreef"
144.44093757835,-10.1641045080788,"dryreef"
144.442927505667,-10.1568740256784,"dryreef"
144.442549332157,-10.1401522788253,"dryreef"
144.448663049138,-10.1288802169478,"dryreef"
144.452884637784,-10.1235778087993,"dryreef"
144.459554151046,-10.1163782684353,"dryreef"
144.47425383308,-10.07607321544,"dryreef"
144.686793949413,-10.1086860566639,"dryreef"
144.698331690407,-10.0291957426932,"dryreef"
149.169023526608,-15.8834270174619,"dryreef"
149.197824392592,-15.9717203402533,"dryreef"
149.355859925987,-15.9727149435531,"dryreef"
150.636001016489,-17.777440624365,"dryreef"
150.739663830875,-17.7143217697342,"dryreef"
151.525987669887,-17.3687648792895,"dryreef"
149.201957610812,-16.9396094541971,"dryreef"
150.004657897142,-16.9334930694515,"dryreef"
150.285095022359,-16.5275735555066,"dryreef"
150.338624452033,-16.6026392749369,"dryreef"
150.829066371082,-17.6597005122386,"dryreef"
151.076701171973,-17.4355310862095,"dryreef"
150.946307455779,-17.4555327630524,"dryreef"
150.81078598554,-17.4295615162314,"dryreef"
151.417288090857,-17.6422096341097,"dryreef"
151.574612822681,-17.5818938241764,"dryreef"
151.598216708334,-17.5766220641032,"dryreef"
151.658253171448,-17.5490675153446,"dryreef"
151.726415712312,-17.4956040093992,"dryreef"
151.796943013594,-17.4435841019516,"dryreef"
151.851443321791,-17.4149163247945,"dryreef"
151.882649111003,-17.4126216631267,"dryreef"
152.04118291341,-17.3612477823744,"dryreef"
152.125978188928,-17.1347190535597,"dryreef"
152.055697610241,-17.1208543358582,"dryreef"
152.004841720989,-17.1160886995298,"dryreef"
151.926340019282,-17.1097302702922,"dryreef"
151.899343809306,-17.1065976607404,"dryreef"
151.880723541404,-17.1085087396417,"dryreef"
151.831438314079,-17.1270916138894,"dryreef"
151.767829979938,-17.176417895658,"dryreef"
151.738966550583,-17.2093300947243,"dryreef"
152.345254598551,-19.2333450021919,"dryreef"
152.394868595875,-19.1015021981565,"dryreef"
153.518684039346,-21.8525980821601,"dryreef"
153.767987899472,-21.6603523311171,"dryreef"
154.379723095275,-21.0120157054687,"dryreef"
155.54807419965,-23.2511339337564,"dryreef"
155.178184622829,-22.1902531230096,"dryreef"
155.249130324173,-22.2116360016276,"dryreef"
155.349634563257,-22.1917924264016,"dryreef"
155.465702515517,-22.1733585413618,"dryreef"
155.773186860456,-21.2494998061304,"dryreef"
155.711368444445,-21.2755217308342,"dryreef"
147.113710846314,-15.4970376208917,"reef"
147.163552769824,-16.5181865241508,"reef"
149.167365020528,-16.9616721503977,"reef"
150.00522640934,-16.9284158794479,"reef"
150.658543564733,-16.8515600690197,"reef"
148.882277515534,-17.4079847644891,"reef"
149.333970125806,-17.9395172377585,"reef"
149.625536148142,-18.0768277303181,"reef"
150.546249312788,-17.598982222848,"reef"
146.624001025803,-13.9103289617736,"reef"
146.814813412949,-14.1469112039344,"reef"
146.905755810561,-14.2786813688682,"reef"
147.860864283698,-16.449773291189,"reef"
148.024491232495,-16.462060879086,"reef"
147.736284154194,-16.7533332270913,"reef"
147.854194584256,-17.2356003957786,"reef"
148.46172373574,-17.3219066540461,"reef"
148.47256549707,-17.8345782304815,"reef"
148.192002439123,-17.4024401527565,"reef"
149.16842882712,-15.8825104151954,"reef"
149.198305565593,-15.9720214318859,"reef"
149.355697044112,-15.9728969176058,"reef"
149.623558991867,-16.0198151755581,"reef"
149.858895325636,-16.3156547225964,"reef"
150.285916589488,-16.5279411016439,"reef"
151.753773465645,-17.354965391996,"reef"
152.273802528329,-19.1133124653013,"reef"
153.62333114865,-21.7932068237542,"reef"
148.439745905621,-17.5673262593446,"reef"
154.374197754529,-20.9646403812027,"reef"
150.0958475469,-16.9674917033053,"reef"
150.031508297182,-17.3047203760724,"reef"
149.962161151928,-17.5243907130705,"reef"
155.309930740072,-22.1798345001165,"reef"
155.713115078903,-21.2009592824307,"reef"
155.550299808608,-23.2132508388348,"reef"
155.859448388224,-17.3889819020308,"reef"
144.485648687895,-10.2557752964462,"reef"
144.693458276201,-10.1499446395577,"reef"
144.686726271133,-10.1086006652106,"reef"
154.20758426784,-20.6824899875849,"reef"
144.697993476592,-10.0298862495692,"reef"
154.636987355173,-15.1277912816841,"ridge"
154.657891125163,-15.1736095454238,"ridge"
154.630921757875,-15.0795245303718,"ridge"
154.130743698951,-18.3772778288647,"ridge"
155.977136910358,-17.27270440142,"ridge"
155.388307478893,-23.0638278338597,"ridge"
155.329267612202,-23.2377894102373,"ridge"
156.40135688584,-18.8608196115233,"ridge"
157.428428723084,-14.7019242843808,"ridge"
157.502480082595,-16.8722842397597,"ridge"
157.492699290144,-16.8327989601587,"ridge"
157.67472894737,-23.4752473371862,"ridge"
144.486363488972,-10.2627167601353,"bank"
144.692801804557,-10.0794432790336,"bank"
146.615934868087,-13.9024259938686,"bank"
146.838271607772,-14.1948102202061,"bank"
147.111440486171,-15.5028023881852,"bank"
147.158556550247,-16.5211282375198,"bank"
147.850079657299,-17.2391160027959,"bank"
147.856205157024,-16.4588095489611,"bank"
148.025073338316,-16.4660944247297,"bank"
147.736696003898,-16.7518509967948,"bank"
148.186655968984,-17.4046426249194,"bank"
148.468048026986,-17.3206536098449,"bank"
148.439692351863,-17.5732200450897,"bank"
148.467284165324,-17.8390150094349,"bank"
148.890557301065,-17.4139395244401,"bank"
149.164086126197,-16.005321852467,"bank"
149.360844851767,-15.975901618394,"bank"
149.631091392582,-16.0137240074881,"bank"
149.864331331562,-16.3045792996523,"bank"
149.166855779611,-16.9666078688887,"bank"
149.333026186585,-17.9375949844077,"bank"
149.621638095675,-18.0815656335994,"bank"
149.963389761575,-17.5303942332378,"bank"
150.285898380854,-16.5241390385904,"bank"
150.103629404249,-16.9520187990259,"bank"
150.005981187892,-16.925677429103,"bank"
150.031274849056,-17.3070684759601,"bank"
150.651467533658,-16.8502631447355,"bank"
150.549483243193,-17.6003561346624,"bank"
151.76648715324,-17.345354171915,"bank"
152.269807182381,-19.1210736117713,"bank"
153.633140825363,-21.7894247242756,"bank"
144.852999270805,-10.1278355862197,"knoll"
144.401317265266,-10.4742741967177,"knoll"
144.236580502004,-11.4866183073564,"knoll"
144.718941949158,-10.2305346232443,"knoll"
144.772735636231,-12.3005566646113,"knoll"
144.816320886297,-12.9886947879999,"knoll"
144.808166834044,-12.7845911232312,"knoll"
144.862775494718,-13.4133666779613,"knoll"
144.337437221712,-13.3559529197337,"knoll"
145.330752608777,-10.8920921519061,"knoll"
145.89203219764,-11.7934240558365,"knoll"
145.899216828488,-11.8261605135372,"knoll"
145.979638064146,-13.4047412106987,"knoll"
145.929308379309,-14.5600186787852,"knoll"
145.95956107579,-14.6580159627167,"knoll"
145.937000532176,-14.485272248968,"knoll"
145.879094654501,-14.5053003863859,"knoll"
145.903561986127,-14.5353540682824,"knoll"
145.960207497155,-14.5779303873415,"knoll"
145.876640757675,-14.5436239006407,"knoll"
146.718407613732,-12.6812706382933,"knoll"
146.883537917945,-12.7624686991463,"knoll"
146.190928829133,-13.3382599221761,"knoll"
146.150904344562,-13.7396444920895,"knoll"
146.722518139651,-14.4224175994868,"knoll"
146.08212597274,-15.2870621844661,"knoll"
146.044515091727,-15.3082546598958,"knoll"
146.001620461989,-15.2429952464022,"knoll"
145.986570563447,-15.2453195949744,"knoll"
145.978929925031,-15.253434373412,"knoll"
146.171741109836,-16.0483411970165,"knoll"
146.207125173687,-13.7640489556903,"knoll"
146.793008208708,-14.8581120409431,"knoll"
146.01418458094,-14.9530910943164,"knoll"
146.207154866792,-15.2638978424601,"knoll"
146.094648063277,-15.8978706388901,"knoll"
146.171542774157,-15.7650294279713,"knoll"
146.088362286697,-15.3946653119492,"knoll"
146.077150151141,-15.4515195555343,"knoll"
146.101067660321,-15.4272144332241,"knoll"
146.046178631879,-15.4604298483503,"knoll"
145.94372437748,-15.4759148083113,"knoll"
145.969279931608,-15.8327875993071,"knoll"
145.910349315406,-15.1584022050221,"knoll"
146.942664407964,-17.2942096128022,"knoll"
146.983453675497,-17.269694778251,"knoll"
146.937467638129,-17.2572279854111,"knoll"
146.95382770559,-17.2568501755063,"knoll"
146.947400356743,-17.2150488919509,"knoll"
146.901744299765,-17.2120587199526,"knoll"
146.903262297696,-17.2033373565142,"knoll"
146.884838209669,-17.1992297388912,"knoll"
147.044900380142,-12.8486661646238,"knoll"
147.078025948875,-15.3386981962734,"knoll"
147.436962910044,-16.2892135016417,"knoll"
147.447729774852,-16.2896347530973,"knoll"
147.776898351274,-16.5833858859431,"knoll"
147.992187311066,-16.8134057354497,"knoll"
147.983034358835,-17.1285843348591,"knoll"
147.964653947989,-17.1334072125889,"knoll"
147.668145157856,-17.3940496496732,"knoll"
147.881202270732,-17.7173307340854,"knoll"
147.244073147655,-17.0648710257897,"knoll"
147.277429076982,-16.6095678708858,"knoll"
147.651686803555,-16.7349610725885,"knoll"
147.951464171131,-16.5836541854429,"knoll"
148.993499229375,-15.5991751850376,"knoll"
148.959466116487,-15.9758517389741,"knoll"
148.393193760612,-16.4450896084352,"knoll"
148.015993959581,-16.6381981800597,"knoll"
148.169506795764,-16.7904240085421,"knoll"
148.013268154111,-16.8971647049226,"knoll"
148.173986131366,-17.7868556479453,"knoll"
148.371070908633,-17.911844707007,"knoll"
148.378077788395,-17.9181198485768,"knoll"
148.390483422833,-17.8989222301538,"knoll"
148.453413916028,-17.9547329392391,"knoll"
148.259602241659,-16.8849798621773,"knoll"
149.476460290019,-13.9229577661199,"knoll"
149.470481708199,-13.94944286364,"knoll"
149.502991711065,-13.9502075892605,"knoll"
149.439731114605,-14.0479208128636,"knoll"
149.369780738292,-14.1181844561723,"knoll"
149.331586366388,-14.2091419580022,"knoll"
149.291044564489,-14.2474960550048,"knoll"
149.336421021788,-14.2300894689707,"knoll"
149.267571512327,-14.0895592794452,"knoll"
149.432239379914,-15.9149220149058,"knoll"
149.397009556235,-15.9812321877949,"knoll"
149.348787320289,-15.9983988532415,"knoll"
149.332274262835,-15.9819622740359,"knoll"
149.300367840416,-15.9164858717093,"knoll"
149.95829030393,-16.5079770071682,"knoll"
149.6164283913,-16.6417805382157,"knoll"
149.547557168923,-16.7778509063454,"knoll"
149.430338681755,-18.1562567505535,"knoll"
149.837885705906,-16.5922309637714,"knoll"
149.034332010012,-16.0991357656996,"knoll"
149.159757740234,-15.8054550564211,"knoll"
149.263117511051,-15.8974912027044,"knoll"
149.332974271288,-16.0481822437889,"knoll"
149.399929235593,-16.0480526754633,"knoll"
149.458908027189,-16.0773865338565,"knoll"
150.062640046836,-16.2200277895667,"knoll"
150.698954457545,-17.1840412967395,"knoll"
151.154656771835,-17.4993958519217,"knoll"
151.066883569401,-17.586560492523,"knoll"
151.071171604234,-17.6645560169147,"knoll"
151.097732310408,-17.7349145630452,"knoll"
152.730148108923,-22.647942226625,"knoll"
152.639552749172,-22.6882663792744,"knoll"
152.310256251266,-23.3305035261019,"knoll"
153.397022712279,-18.4794543167065,"knoll"
153.299038146247,-21.8931991983868,"knoll"
153.009349440749,-22.3143649328919,"knoll"
153.787646702677,-18.5045183226339,"knoll"
153.30768812332,-20.8900286189897,"knoll"
153.267686727715,-20.8791496789072,"knoll"
154.824265248694,-17.4064321043416,"knoll"
154.836359348947,-17.4314463542509,"knoll"
154.811779756533,-17.4283862774641,"knoll"
154.769843967621,-17.4658912302881,"knoll"
154.873014705545,-18.1228843921807,"knoll"
154.379613158651,-18.9654148507837,"knoll"
154.202043628199,-18.6682188408534,"knoll"
154.182771433665,-18.6747373727992,"knoll"
154.252430666641,-18.7130289642699,"knoll"
154.188502929855,-18.7189451267388,"knoll"
154.151346353546,-18.554022280597,"knoll"
154.180925730541,-18.5523101452368,"knoll"
154.202297613084,-18.3657423932638,"knoll"
154.166935415242,-18.3844827157616,"knoll"
154.162366595656,-18.3941008190085,"knoll"
154.169435359571,-18.3716142945353,"knoll"
154.188473098578,-18.3471215639988,"knoll"
154.164383613672,-18.3327572565483,"knoll"
154.997462675803,-21.1102012663749,"knoll"
154.979279183839,-21.1188372321727,"knoll"
155.00735954011,-21.1194634763173,"knoll"
154.575559077266,-22.8623217736788,"knoll"
154.631621841627,-22.9275809355039,"knoll"
154.66617191791,-22.9757147267567,"knoll"
154.687569619407,-22.9732012291942,"knoll"
154.513010266841,-24.0369711482884,"knoll"
154.51543526205,-24.0803996195562,"knoll"
154.513464919933,-24.2331321085564,"knoll"
154.56464724396,-24.3811411288515,"knoll"
154.851370040285,-23.0940575838206,"knoll"
155.970612102968,-14.7021159978909,"knoll"
155.956138833665,-14.6408744986343,"knoll"
155.953829968517,-14.8005448155104,"knoll"
155.68884616056,-14.7561810005293,"knoll"
155.758013939631,-15.6341184417045,"knoll"
155.92975599268,-15.7822557041637,"knoll"
155.04157842116,-15.4984679744764,"knoll"
155.05356442547,-15.5162065714642,"knoll"
155.881331069688,-15.1159912312015,"knoll"
155.995241554974,-17.7682725458744,"knoll"
155.954967008492,-17.2691501967837,"knoll"
155.928139166515,-17.2701867455764,"knoll"
155.850425060688,-17.4984926764583,"knoll"
155.822709226053,-17.4873399442249,"knoll"
155.820742097114,-17.5018613282537,"knoll"
155.868833150815,-17.5036710228817,"knoll"
155.86817015735,-17.4924265056417,"knoll"
155.884180822156,-17.4888257307599,"knoll"
155.885162286907,-17.5179137161846,"knoll"
155.903706990216,-17.5152772035688,"knoll"
155.911919838516,-17.487681395706,"knoll"
155.927702537142,-17.5082189682158,"knoll"
155.946698594076,-17.4811809649822,"knoll"
155.913288537489,-17.4669893429615,"knoll"
155.919083997566,-17.474204093878,"knoll"
155.94109837944,-17.4906887117428,"knoll"
155.925582532913,-17.4769321885831,"knoll"
155.936062829794,-17.4746652149783,"knoll"
155.780614673338,-17.6197023699092,"knoll"
155.504757108991,-17.254133127455,"knoll"
155.445508639974,-18.5072975826103,"knoll"
155.449948559251,-18.4711751086778,"knoll"
155.454602299066,-18.4554017401268,"knoll"
155.464534606579,-18.5202173533943,"knoll"
155.464625710499,-18.5035913472513,"knoll"
155.435170391787,-18.1732897725311,"knoll"
155.348499912034,-18.1767979937608,"knoll"
155.383899016127,-18.1608891344927,"knoll"
155.414752375797,-18.1754518261991,"knoll"
155.312015363733,-18.1648994092984,"knoll"
155.125470656607,-18.7028758677568,"knoll"
155.957736201445,-19.0670821368867,"knoll"
155.937187125857,-21.4169924535856,"knoll"
155.575365804375,-22.8955640574815,"knoll"
155.39504878792,-22.9463427221561,"knoll"
155.389375713871,-22.9932263395466,"knoll"
155.385615438444,-22.9587703991804,"knoll"
155.379393313148,-22.9531995069849,"knoll"
155.021699780878,-23.2047514299621,"knoll"
155.447370197674,-23.4132582049462,"knoll"
155.727875805529,-23.3472109976258,"knoll"
155.756032466644,-23.3480425027833,"knoll"
155.648130644589,-23.3723722710756,"knoll"
155.614932739455,-23.37928243015,"knoll"
155.978373979764,-23.6529923458826,"knoll"
155.583064581626,-23.3740881182508,"knoll"
155.476870744885,-23.0068699241902,"knoll"
155.307570938953,-23.012435341456,"knoll"
155.367554803171,-23.0069307712488,"knoll"
155.458802778062,-23.0763577257971,"knoll"
155.503346699598,-23.0336902008403,"knoll"
155.480715993016,-23.0548482805762,"knoll"
155.467401194216,-23.0365137256891,"knoll"
155.450308277795,-23.1076413163924,"knoll"
155.439243320416,-23.0995434623348,"knoll"
155.414794043274,-23.1064160262802,"knoll"
155.358677574985,-23.1426585689558,"knoll"
155.139702068032,-23.1503490662618,"knoll"
155.162105610931,-23.1535887581451,"knoll"
155.24957874735,-23.1060418218074,"knoll"
155.381029501697,-23.2007485039036,"knoll"
155.515753997852,-23.4144917561678,"knoll"
155.505055141071,-23.4167440049113,"knoll"
155.299456737694,-23.2992171683803,"knoll"
155.288093711426,-23.3150462309861,"knoll"
155.277964618444,-23.3390094731589,"knoll"
155.353312703728,-23.1965990959168,"knoll"
155.355410017195,-23.2326988807393,"knoll"
155.363499986604,-23.1616796621067,"knoll"
155.371316623231,-23.1487034782919,"knoll"
155.37499798284,-23.1639648663236,"knoll"
155.505198153513,-24.2031886140401,"knoll"
155.493243218932,-24.2143598003283,"knoll"
155.453723723997,-24.2579230499036,"knoll"
155.434495149225,-24.2658190096821,"knoll"
155.450530221473,-24.2756142298238,"knoll"
155.412976353191,-24.2891475253939,"knoll"
155.410464939031,-24.3074385952739,"knoll"
155.397976940235,-24.3166166219384,"knoll"
155.495423555488,-24.4076847210523,"knoll"
155.484794295617,-24.3038964037828,"knoll"
156.044922971586,-15.8202778165566,"knoll"
156.59915620108,-16.1952149742215,"knoll"
156.392238148203,-16.0647454794421,"knoll"
156.487229280375,-16.109231859887,"knoll"
156.338903245167,-17.9595073931284,"knoll"
156.280554548504,-18.5329949500772,"knoll"
156.211873887466,-19.6255247389532,"knoll"
156.210055698201,-19.6137951246606,"knoll"
156.19756642266,-19.6187993547416,"knoll"
156.162119894279,-19.5873817702573,"knoll"
156.107319960419,-19.6131503473414,"knoll"
156.083958751327,-19.6136484034592,"knoll"
156.172202894289,-19.7198081413784,"knoll"
156.156276275406,-19.7247341453147,"knoll"
156.065494539886,-19.4536436079196,"knoll"
156.740423266914,-20.5758316907822,"knoll"
156.999534502228,-20.6675549457862,"knoll"
157.062904581519,-20.9212069491608,"knoll"
156.856783401412,-21.0506274091935,"knoll"
156.865775883699,-21.1039221586466,"knoll"
156.423773847737,-21.7355207315171,"knoll"
156.523376499843,-21.5928256161904,"knoll"
157.08991940209,-21.4568615046395,"knoll"
156.998713422203,-21.0127279905839,"knoll"
156.338136899525,-21.5457363729845,"knoll"
156.535181189116,-22.5981136990285,"knoll"
156.545486056617,-22.619951945042,"knoll"
156.460979188956,-23.2349924249095,"knoll"
156.841644862163,-23.468715395858,"knoll"
156.331873403543,-23.2040584372839,"knoll"
156.946374175502,-23.7679749894489,"knoll"
156.297374426865,-24.0087820748932,"knoll"
157.571781191656,-14.8752230821033,"knoll"
157.720201085965,-16.963808447822,"knoll"
157.609211815612,-16.9021303485514,"knoll"
157.108255774653,-23.2487171549661,"knoll"
157.664899489173,-23.1592246346768,"knoll"
157.460402483071,-24.1974608130474,"knoll"
144.003124875482,-12.9163652135623,"canyon"
143.977485167673,-12.8917505052769,"canyon"
143.931395343966,-12.7777383962358,"canyon"
143.934893790835,-12.7344602083547,"canyon"
143.959818264245,-12.6739119575135,"canyon"
143.978723919465,-12.5150728082929,"canyon"
144.14232014548,-12.1643573667001,"canyon"
144.150422087666,-12.0434385132598,"canyon"
144.060307225457,-12.989003174943,"canyon"
144.271864241922,-10.7430743672732,"canyon"
144.391542216587,-10.9358909499394,"canyon"
144.42759443296,-11.1119907462228,"canyon"
144.39703375773,-11.2690718769265,"canyon"
144.549002856992,-11.5589053630746,"canyon"
144.378550672207,-10.5228298495911,"canyon"
144.672345834297,-10.1992181342402,"canyon"
144.515123727819,-11.7189373651429,"canyon"
144.496987306945,-11.877902168621,"canyon"
144.487384292831,-11.9002644306476,"canyon"
144.815050017148,-10.0138128470259,"canyon"
144.828079441158,-10.0940882286104,"canyon"
144.838403815742,-10.1570927621096,"canyon"
144.828647167377,-10.2330181195899,"canyon"
144.901668855704,-12.7672336319372,"canyon"
144.091398177523,-13.3742854841795,"canyon"
144.157742951458,-13.397617139025,"canyon"
144.21092223545,-13.4626975728612,"canyon"
144.282776057666,-13.4880857703662,"canyon"
144.375560607392,-13.6752504188563,"canyon"
144.423387456932,-13.7250127432994,"canyon"
144.455202783421,-13.741682773776,"canyon"
144.897556864884,-13.9852988342776,"canyon"
144.870240097076,-13.9624700477379,"canyon"
144.842405826775,-13.9416187166659,"canyon"
144.82835564386,-13.9321261750421,"canyon"
144.638681371449,-13.8260110731484,"canyon"
144.743857423152,-13.8191545266834,"canyon"
144.715083585945,-13.8012778806836,"canyon"
144.687969066336,-13.8132042743757,"canyon"
144.800816790193,-13.8168804141262,"canyon"
144.786799314115,-13.8872290182349,"canyon"
144.80284044823,-13.8998375905888,"canyon"
144.100383388513,-13.2068874051062,"canyon"
144.914496383409,-14.0196179211228,"canyon"
145.423421587656,-12.3700644581827,"canyon"
145.193338718191,-14.0894067285199,"canyon"
145.316674237574,-14.1451189723963,"canyon"
145.380563496455,-14.19919659795,"canyon"
145.488299422431,-14.227093128428,"canyon"
145.523075799428,-14.3191516388348,"canyon"
145.792159350323,-14.6615761704959,"canyon"
145.800267800727,-14.7464172817228,"canyon"
145.820964645048,-14.9387067271347,"canyon"
145.106930708393,-14.0806838459001,"canyon"
145.724663207706,-14.4752378934517,"canyon"
145.245175175153,-14.1327690595999,"canyon"
145.645816119851,-14.4130035415978,"canyon"
145.773946436402,-14.5798174012255,"canyon"
145.836283945266,-14.8514491934964,"canyon"
145.841594421229,-15.0412686785474,"canyon"
145.855373676907,-15.1537590874218,"canyon"
145.892389967494,-15.2269319288054,"canyon"
145.874747888178,-15.2669741502026,"canyon"
145.906990355898,-15.3624134313399,"canyon"
145.947785252177,-15.4895908600354,"canyon"
145.933037807778,-15.5836510409059,"canyon"
145.928544862764,-15.6481135902716,"canyon"
145.926613907946,-15.7173189829544,"canyon"
145.939048362746,-15.7798430019122,"canyon"
145.945550941583,-15.8346618268562,"canyon"
145.940300915048,-15.901477187347,"canyon"
145.93641753398,-15.9346501399501,"canyon"
145.958047338202,-15.9782632396641,"canyon"
146.933314896943,-12.8205459518621,"canyon"
146.992914336613,-12.8977189005837,"canyon"
146.951075256451,-12.8501133408985,"canyon"
146.979013206649,-12.859174008067,"canyon"
146.924274106034,-12.7874772573165,"canyon"
147.030349047462,-12.9543501548725,"canyon"
147.100008694326,-13.0029123865466,"canyon"
147.081804265572,-12.9779885326879,"canyon"
147.023989947781,-12.9325255458828,"canyon"
146.693172927682,-12.6680552830554,"canyon"
146.866528334509,-12.7692697970338,"canyon"
147.031619625727,-14.5072832113161,"canyon"
146.236468985612,-14.0539740846928,"canyon"
146.270723709542,-14.2328442261128,"canyon"
146.374135315246,-14.1024124803234,"canyon"
146.391214476423,-14.1288835584117,"canyon"
146.353464992987,-14.0059036909153,"canyon"
146.367414975775,-14.0668461201723,"canyon"
146.228413583224,-14.1297576973762,"canyon"
146.717738443859,-15.3889237618031,"canyon"
146.745087542844,-15.2660645589238,"canyon"
145.972069843954,-16.0226064557534,"canyon"
145.987068036633,-16.0633364537126,"canyon"
145.995097579029,-16.0790471629967,"canyon"
145.997381479008,-16.1134936023648,"canyon"
145.996980528312,-16.1292110858811,"canyon"
146.015598206619,-16.1506226376163,"canyon"
146.022907329442,-16.1776173495493,"canyon"
146.082483856072,-16.218847683204,"canyon"
146.084273474828,-16.1742936641208,"canyon"
146.071272918759,-16.2069993553948,"canyon"
146.104909338528,-16.2344044757945,"canyon"
146.115897191952,-16.2608037581145,"canyon"
146.123897551912,-16.2907999746948,"canyon"
146.146404219269,-16.3036400069798,"canyon"
146.14650267731,-16.340542650397,"canyon"
146.157480575695,-16.3685956592388,"canyon"
146.193098902619,-16.3670977858994,"canyon"
146.221301121668,-16.3855777078372,"canyon"
146.246526615175,-16.4232190964865,"canyon"
146.253216815506,-16.4869175938846,"canyon"
146.274120535514,-16.5242661694518,"canyon"
146.336324910952,-16.5522693940468,"canyon"
146.38387549279,-16.5784086578269,"canyon"
146.424681114141,-16.6462182978653,"canyon"
146.45310397621,-16.6740836977461,"canyon"
146.489610982718,-16.7139174078181,"canyon"
146.507323530881,-16.7775627084446,"canyon"
146.552859624132,-16.8022096384884,"canyon"
146.584560208532,-16.8158057069674,"canyon"
146.576704897802,-16.855886129915,"canyon"
146.602713222358,-16.8764235918688,"canyon"
146.618333354639,-16.9351954754444,"canyon"
146.621515513711,-16.9905219736393,"canyon"
146.36756871974,-16.4826278460271,"canyon"
146.649392268094,-17.0244735030935,"canyon"
146.681723064724,-17.0680590832956,"canyon"
146.748045956652,-17.13853787571,"canyon"
146.722230701077,-17.1146279645003,"canyon"
146.722955443698,-17.0861043649987,"canyon"
146.764853168162,-17.3929254279553,"canyon"
146.752007189366,-17.3570004785836,"canyon"
146.739016860497,-17.1892226794551,"canyon"
146.855774538508,-17.490973213105,"canyon"
146.89574783023,-17.555557069529,"canyon"
146.865982747,-17.4400969918412,"canyon"
146.82553864476,-17.4289378092699,"canyon"
146.881288739987,-17.5343448764389,"canyon"
146.968148435222,-17.6528167925525,"canyon"
146.877222420386,-17.5175106029428,"canyon"
146.68640491573,-17.0245869847886,"canyon"
146.730986512572,-17.3020970185482,"canyon"
146.72699915714,-17.2566794087899,"canyon"
146.725935063595,-17.2780930519071,"canyon"
147.138946812215,-13.0985712822163,"canyon"
147.150296547345,-13.2818351576768,"canyon"
147.149010595887,-13.4461236999925,"canyon"
147.153174365984,-13.3633205552218,"canyon"
147.12303745234,-14.0125946482546,"canyon"
147.128371830525,-13.9183084125702,"canyon"
147.139038055369,-13.8252655368528,"canyon"
147.128779752514,-13.7080367973073,"canyon"
147.144313609063,-13.6200287401345,"canyon"
147.16183776269,-13.5256331076442,"canyon"
147.154368253166,-13.2425283186954,"canyon"
147.129986116074,-13.0746950471106,"canyon"
147.148725468069,-13.1843618700263,"canyon"
147.622588071545,-13.2988073169872,"canyon"
147.877442483102,-13.4451473559036,"canyon"
147.755305248018,-13.3906025655532,"canyon"
147.685249602673,-13.3384774888377,"canyon"
147.569683654766,-16.780436660278,"canyon"
147.367987192194,-16.6720672976004,"canyon"
147.37845038073,-16.7766991908304,"canyon"
147.373467117136,-16.538458071488,"canyon"
147.038598586806,-17.7707548719089,"canyon"
147.057746886185,-17.8236410126723,"canyon"
147.219351219508,-17.9169493252772,"canyon"
147.174687009665,-17.8813421497183,"canyon"
147.848685454871,-17.5641657641423,"canyon"
147.739910229426,-17.4324851852558,"canyon"
147.375925158789,-17.1687514210875,"canyon"
147.338693228844,-17.0676089484766,"canyon"
147.997490084114,-18.5331327165641,"canyon"
147.934636904406,-18.501161523643,"canyon"
147.903244953768,-18.4041120206384,"canyon"
147.622525359992,-18.2538994029138,"canyon"
147.661637973156,-18.2831107490642,"canyon"
147.670349046017,-18.3257443542862,"canyon"
147.567715950789,-18.2222899499028,"canyon"
147.389759667984,-18.101832989742,"canyon"
147.496127114226,-18.1858490350895,"canyon"
147.249235906824,-17.9577429840327,"canyon"
147.310776400744,-18.0211405488653,"canyon"
147.447124363901,-18.1292428257846,"canyon"
147.354154074484,-18.0520363621332,"canyon"
147.82862317396,-18.4229566959768,"canyon"
147.774975230492,-18.3182925810993,"canyon"
147.278972441775,-17.9780800083708,"canyon"
148.205437890181,-13.6977176101748,"canyon"
148.449598349577,-13.7766345636237,"canyon"
148.611035377922,-13.8914140002835,"canyon"
148.720447275973,-13.9436625427181,"canyon"
148.351417609388,-13.7329541298477,"canyon"
148.064532264544,-13.5640054944521,"canyon"
148.16876086975,-13.6143401131276,"canyon"
148.977177009013,-14.064948247376,"canyon"
148.888902329866,-14.557610895732,"canyon"
148.215041700832,-17.8309529610843,"canyon"
148.121253040721,-17.7737759395453,"canyon"
148.259769583819,-17.2701727610947,"canyon"
148.06605236536,-18.5691836448394,"canyon"
148.320604002776,-18.6824220247576,"canyon"
148.184781580249,-18.6425237825797,"canyon"
149.911086658042,-14.4356579708878,"canyon"
149.998356833154,-14.342325350442,"canyon"
149.752999302248,-14.6407139748816,"canyon"
149.662203588507,-14.522823214279,"canyon"
149.591268265811,-14.4875975538803,"canyon"
149.468816269131,-14.3795032853908,"canyon"
149.190772354026,-14.224466856608,"canyon"
149.133202366076,-14.224898606364,"canyon"
149.018993640262,-14.398125252762,"canyon"
149.282645043807,-14.30924653117,"canyon"
149.343393209839,-14.3007837980785,"canyon"
149.657455748149,-14.7367826787698,"canyon"
149.609226401651,-14.7478982597724,"canyon"
149.591096966115,-14.7519494381688,"canyon"
149.971617875721,-14.7134911359623,"canyon"
149.97899146896,-14.7402426327597,"canyon"
149.993664885555,-14.7680327714508,"canyon"
150.026297343956,-14.7822729520391,"canyon"
149.899895440116,-14.6598344689448,"canyon"
149.958926758358,-14.6360137682095,"canyon"
149.756393281133,-18.1340948232568,"canyon"
149.623778592969,-18.1559500923012,"canyon"
150.061069338688,-14.5015653676246,"canyon"
150.161874288333,-14.4199132045108,"canyon"
150.521097028307,-15.0354400639618,"canyon"
150.418094455833,-14.9954464058861,"canyon"
150.369666315955,-14.9742842278416,"canyon"
150.315784619246,-14.9344683354277,"canyon"
150.294680233613,-14.8930115063641,"canyon"
150.256310204856,-14.8916540273179,"canyon"
150.230106214287,-14.8821541068611,"canyon"
150.200836674464,-14.8813329442908,"canyon"
150.197404979023,-14.8431417322945,"canyon"
150.140281126597,-14.955214083289,"canyon"
150.222283947938,-14.4058091641289,"canyon"
150.085228126595,-14.8175908052576,"canyon"
150.141776856424,-14.8618984780805,"canyon"
150.457333205657,-15.033890440335,"canyon"
150.600373078814,-15.3916321332028,"canyon"
150.770096025165,-15.1955166380573,"canyon"
150.790317671082,-15.2225160302491,"canyon"
150.82063627453,-15.2407761206033,"canyon"
150.886887511417,-15.2861862628929,"canyon"
150.656592038783,-15.4472720982852,"canyon"
150.701547407728,-15.4833349234865,"canyon"
150.74785090801,-15.1951658511226,"canyon"
150.730637283656,-15.1900702657587,"canyon"
150.6373550792,-15.4203655284821,"canyon"
150.263493495598,-16.3494663137108,"canyon"
150.117667809523,-16.1475004747455,"canyon"
150.98048042803,-17.9429615624645,"canyon"
150.68167696562,-17.8857715628255,"canyon"
150.868185119846,-17.8993625698537,"canyon"
150.219078639529,-17.9912486737972,"canyon"
150.573523234328,-17.9943008245422,"canyon"
150.563421207897,-17.9938192483705,"canyon"
150.544303484702,-17.9985336922547,"canyon"
150.475107731908,-18.0032542967473,"canyon"
150.38178599833,-18.0254189310513,"canyon"
150.332713068297,-18.0304312348289,"canyon"
150.648394048056,-17.9923434735793,"canyon"
150.495581654289,-17.90185158315,"canyon"
150.449606263996,-17.9160017293539,"canyon"
150.435529745705,-17.9251062745743,"canyon"
150.412782012319,-17.9275403561967,"canyon"
150.388838853682,-17.9357640991163,"canyon"
150.36731582697,-17.933846879312,"canyon"
150.354074705404,-17.9412270004198,"canyon"
150.328666517449,-17.9442285015705,"canyon"
150.250058774438,-17.9652921927525,"canyon"
150.269442519606,-17.9658561192437,"canyon"
150.282676699544,-17.9600304034425,"canyon"
150.309998115862,-17.9570698310645,"canyon"
150.295246877804,-17.9604550560889,"canyon"
150.82938272452,-17.8188510323717,"canyon"
151.27463460596,-15.7944302615155,"canyon"
151.252251864937,-16.0159721009084,"canyon"
151.620263152879,-17.7014974917249,"canyon"
151.915941919757,-17.7412755095607,"canyon"
151.184059601489,-17.8869337372308,"canyon"
151.235987291025,-17.9031029409648,"canyon"
151.394166876549,-17.8592900811173,"canyon"
151.703278437441,-17.6168387849632,"canyon"
151.748408290495,-17.5726260104538,"canyon"
151.875897067965,-17.5048935477344,"canyon"
151.983249018488,-17.471969745262,"canyon"
151.321046853326,-20.4281292913974,"canyon"
152.443649008987,-17.1586551871118,"canyon"
152.162987473502,-17.6920833194264,"canyon"
152.044318562511,-17.7067567286931,"canyon"
152.207832984128,-17.2073606575059,"canyon"
152.192155213795,-17.2307889703877,"canyon"
152.425858557887,-17.2407555625276,"canyon"
152.613890269328,-17.1466143191234,"canyon"
152.667670313123,-17.1641319515557,"canyon"
152.730203598442,-18.1406861046625,"canyon"
152.801687067916,-20.9610345354801,"canyon"
152.902926621997,-21.0418011750106,"canyon"
152.917077568517,-21.0755329940286,"canyon"
153.38503673366,-19.9298365205251,"canyon"
153.355564152017,-19.8373034919582,"canyon"
153.257084438755,-19.5775803293982,"canyon"
153.275154349276,-19.6176010228278,"canyon"
153.195711346426,-19.4095824880723,"canyon"
153.44844703521,-20.1011857778739,"canyon"
153.503922736832,-20.2474287075848,"canyon"
153.543987418379,-20.3325124296644,"canyon"
153.595388878826,-20.4863537085695,"canyon"
153.675438421424,-20.6707380235218,"canyon"
153.684380070474,-20.7453068647591,"canyon"
153.719091442439,-20.8199285732384,"canyon"
153.791380872374,-21.5415861061888,"canyon"
153.679624892547,-21.5122232702408,"canyon"
153.98869950259,-21.4691600239578,"canyon"
154.015009339304,-21.5179031612927,"canyon"
153.813092446866,-21.1391646204205,"canyon"
153.789471234493,-21.077940134144,"canyon"
153.779760985633,-21.0378751486168,"canyon"
153.439305635576,-20.9637302471198,"canyon"
153.504497076804,-21.0034306065133,"canyon"
153.588212658466,-21.0673652408924,"canyon"
153.66120030474,-21.1229405038624,"canyon"
153.75857437562,-20.9845283220945,"canyon"
153.350618386459,-21.8810153986401,"canyon"
154.565379675491,-16.1752132186545,"canyon"
154.265643608374,-17.5758565084934,"canyon"
153.795556160517,-17.6401333043705,"canyon"
154.873865481183,-17.4150550832208,"canyon"
154.797306004122,-17.443899651107,"canyon"
153.494304111808,-17.2042286030933,"canyon"
153.26794408617,-17.1826940757642,"canyon"
154.665130701201,-18.0761414825127,"canyon"
154.664886218177,-18.0446349942561,"canyon"
154.673144299673,-18.0257933512388,"canyon"
154.156070992072,-21.5426078203457,"canyon"
154.11553864399,-21.4838642392899,"canyon"
154.44482904534,-21.7523862285172,"canyon"
154.49044144197,-21.8053405237601,"canyon"
154.364106994157,-21.6846394152626,"canyon"
154.650592865749,-21.9340151193913,"canyon"
154.065204007943,-21.8013831477296,"canyon"
154.20640504129,-21.5653224543703,"canyon"
154.469107619984,-21.7824615127915,"canyon"
154.422705055508,-21.7420335359631,"canyon"
154.386893074417,-21.7152225805267,"canyon"
154.481167564517,-23.9565018783221,"canyon"
154.49802151375,-23.9254126812618,"canyon"
154.507285076484,-23.888775358991,"canyon"
154.83752098012,-23.4683953291603,"canyon"
154.814681266554,-23.5237633176083,"canyon"
154.806508453153,-23.5710841210561,"canyon"
154.742161579616,-23.7205001433734,"canyon"
154.862562515199,-23.3112931775845,"canyon"
154.87082282511,-23.2378457820203,"canyon"
154.80671549874,-23.0693870889599,"canyon"
154.898644173379,-22.9942631573383,"canyon"
154.900401597895,-22.7835659682712,"canyon"
154.814157762018,-22.6902520967368,"canyon"
155.271587255306,-16.8859713516481,"canyon"
155.102796261655,-17.232634670194,"canyon"
155.334865540742,-18.6178196944946,"canyon"
155.434701415424,-18.6039827911361,"canyon"
155.54376267991,-18.6978547197163,"canyon"
155.511151647811,-18.3941888712871,"canyon"
155.499610424914,-18.4095901593474,"canyon"
155.490924380878,-18.4487760864294,"canyon"
155.978048647991,-19.4313038086493,"canyon"
155.806855481767,-21.8513562196846,"canyon"
155.638248121004,-21.5237313880536,"canyon"
155.571805811517,-21.4312537062713,"canyon"
155.567695060246,-21.3812492867562,"canyon"
155.31622081524,-22.9373371532227,"canyon"
155.260904177336,-22.9607521989789,"canyon"
155.352643424698,-22.8624527315695,"canyon"
155.38243946279,-22.8365641449165,"canyon"
155.403132067716,-22.7843489198764,"canyon"
155.801344160582,-22.2113499517311,"canyon"
155.453750972573,-22.7266861859853,"canyon"
155.492390979003,-22.6621330181228,"canyon"
155.036853726919,-23.4590774041534,"canyon"
155.031928231653,-23.5060353041575,"canyon"
155.001700044789,-23.5626010840994,"canyon"
155.074825030066,-23.3079276415173,"canyon"
155.116017857846,-23.2957829748078,"canyon"
155.186237352164,-23.0836107572129,"canyon"
155.111194041118,-23.1949647199345,"canyon"
155.240102571559,-23.0541097920739,"canyon"
155.049930760727,-23.8154094141862,"canyon"
156.265009722998,-17.270918331982,"canyon"
156.302758431767,-18.0000806561656,"canyon"
156.271220837125,-18.1705818217546,"canyon"
156.463975261346,-19.8402957567215,"canyon"
156.075328806176,-19.561156972405,"canyon"
156.087203548184,-19.5728588692421,"canyon"
156.940673538186,-21.0446384553967,"canyon"
156.405760190802,-21.4189577751357,"canyon"
156.171328201082,-21.3628968051089,"canyon"
156.630206979458,-21.4258805775304,"canyon"
156.774387483729,-21.4137946598054,"canyon"
156.915898609956,-21.4000021600578,"canyon"
153.565238669611,-24.2893916911004,"canyon"
155.279965400233,-24.4097390915547,"seamount"
155.350649823044,-24.099188079498,"seamount"
154.688677064428,-19.7120880008497,"seamount"
155.23312548574,-19.4112213363673,"seamount"
155.311754186189,-18.3017494227394,"seamount"
156.791722103158,-14.6990604114024,"seamount"
155.845472509657,-17.7691689638949,"seamount"
155.464396759837,-17.8126128152009,"seamount"
155.58339531597,-23.2319986069356,"seamount"
155.329792006744,-22.1644146574111,"seamount"
155.722396461606,-21.2157420476146,"seamount"
154.396681505693,-20.9585291357798,"seamount"
155.843113221547,-17.3727488814895,"seamount"
154.212577788515,-20.6887793196739,"seamount"
148.621158398395,-19.1333550655331,"shelf"
151.481003225949,-19.6593136663941,"slope"
152.718611448118,-22.6438374941317,"terrace"
144.828921668098,-12.942774049027,"plateau"
145.258417082159,-13.4964269171593,"plateau"
145.347922625402,-11.4858590297987,"plateau"
145.841251111583,-12.8467851679069,"plateau"
146.410964282781,-12.4414442475737,"plateau"
149.512447411397,-16.0664648760927,"plateau"
154.003648857801,-17.185783678102,"plateau"
155.772222407615,-20.9967664598878,"plateau"
156.159436117371,-19.7447750517748,"plateau"
156.46474046584,-21.9976816577783,"plateau"
156.725720139208,-20.6977758036395,"plateau"
155.70707616245,-15.0948048810552,"plateau"
156.856242316999,-16.6127071096652,"plateau"
155.45201777161,-18.5406483348845,"plateau"
156.525083576851,-23.6003491741845,"plateau"
157.840253835473,-24.4688718889117,"plateau"
151.831862954007,-19.9968146702034,"plateau"
153.732798887567,-22.8746749525201,"plateau"
153.723432178847,-21.9132162230443,"plateau"
146.207653076386,-12.2680675727658,"valley"
146.627410114781,-12.6064150274671,"valley"
153.39328917994,-17.40429982905,"valley"
154.807196889821,-17.413372549509,"valley"
154.027867434266,-18.6003053754819,"valley"
155.720015695711,-18.0792220644699,"valley"
155.945372113617,-21.4523683077706,"valley"
154.967326080844,-23.3849502301185,"valley"
156.284498170904,-15.4383833764523,"valley"
156.208329122763,-19.2568438615419,"valley"
156.051209397297,-20.3306896368001,"valley"
156.311469457952,-22.6723844741177,"valley"
156.729650495435,-16.9999806117668,"valley"
157.617237820792,-16.5031735235318,"valley"
157.742523167392,-24.426880671475,"valley"
155.661304748127,-16.0832527839509,"valley"
153.51866073888,-21.9913338590833,"valley"
144.793952553816,-10.9251500521963,"trough"
149.828507441907,-17.7021584805363,"trough"
150.00078542235,-14.4465273631209,"rise"
153.940873430355,-24.376117300993,"rise"
145.294802759584,-13.0663177411702,"basin"
154.243744576271,-16.3759341565578,"basin"
155.071727743108,-20.4694397228152,"basin"
156.455637484757,-20.7290784707188,"basin"
157.154896962812,-18.0329371404822,"basin"
156.598926272781,-18.337671971351,"basin"
158.320363394278,-16.1791419197358,"basin"
157.127063802277,-22.5658767273859,"basin"
158.088251954664,-24.2904927135127,"basin"
152.047514865176,-14.707382096394,"abyssalplain"
156.928515954547,-14.7173707089301,"abyssalplain"
154.910608440839,-24.2174831390579,"abyssalplain"
